alexandera11325@aspenk12.net,Alex,Appleby,X,12,5,1,CC,WE,ZC
evelyns11953@aspenk12.net,Evelyn,Stefli,F,10,50,2,SF,,
andrewp12221@aspenk12.net,Andrew,Perley,M,9,25,3,,,
macyh12295@aspenk12.net,Macy,Hopkinson,F,12,31,4,SF,CT,CC
samuelv13681@aspenk12.net,Samuel,Vesey,M,11,17,5,NM,CC,
coreym12835@aspenk12.net,Corey,Michelin,M,10,22,6,JH,,
laurenk13630@aspenk12.net,Lauren,Kinney,F,9,25,7,,,
clairew11652@aspenk12.net,Claire,Wolfer-Jenkins,F,11,57,8,WE,ET,